customer_id_new,social_media_platform,engagement_score,purchase_interest_score,review_sentiment,transaction_id,purchase_amount,purchase_date,product_category,customer_rating
100,"Twitter,Instagram",77.0,4.4,"Negative,Neutral",1113,172,2024-04-22,Clothing,4.0
100,"Twitter,Instagram",77.0,4.4,"Negative,Neutral",1147,387,2024-05-26,Books,4.6
101,Twitter,68.0,1.0,Neutral,1017,271,2024-01-17,Books,2.1
101,Twitter,68.0,1.0,Neutral,1021,192,2024-01-21,Groceries,3.4
101,Twitter,68.0,1.0,Neutral,1059,408,2024-02-28,Books,2.5
101,Twitter,68.0,1.0,Neutral,1073,145,2024-03-13,Books,2.1
102,LinkedIn,51.0,4.8,Neutral,1014,101,2024-01-14,Electronics,3.2
102,LinkedIn,51.0,4.8,Neutral,1045,380,2024-02-14,Electronics,4.4
102,LinkedIn,51.0,4.8,Neutral,1146,88,2024-05-25,Sports,2.7
103,"Instagram,Facebook",64.33333333333333,2.8666666666666667,"Positive,Negative",1052,426,2024-02-21,Groceries,4.8
103,"Instagram,Facebook",64.33333333333333,2.8666666666666667,"Positive,Negative",1072,209,2024-03-12,Sports,4.3
103,"Instagram,Facebook",64.33333333333333,2.8666666666666667,"Positive,Negative",1076,162,2024-03-16,Sports,3.5
104,"Twitter,Facebook",83.0,2.9333333333333336,"Negative,Neutral",1123,289,2024-05-02,Clothing,1.5
104,"Twitter,Facebook",83.0,2.9333333333333336,"Negative,Neutral",1148,409,2024-05-27,Clothing,1.4
105,"LinkedIn,Instagram",51.0,4.25,Neutral,1074,282,2024-03-14,Books,1.5
106,Facebook,99.0,4.2,Negative,1047,397,2024-02-16,Sports,1.7
106,Facebook,99.0,4.2,Negative,1126,250,2024-05-05,Clothing,3.5
107,"Twitter,Facebook",77.0,3.5,"Neutral,Positive",1065,274,2024-03-05,Books,1.1
107,"Twitter,Facebook",77.0,3.5,"Neutral,Positive",1114,450,2024-04-23,Electronics,4.2
107,"Twitter,Facebook",77.0,3.5,"Neutral,Positive",1119,421,2024-04-28,Sports,3.2
111,Instagram,98.0,4.1,Negative,1129,375,2024-05-08,Clothing,3.8
113,"Facebook,Instagram",74.0,1.85,"Neutral,Positive",1055,170,2024-02-24,Groceries,3.6
113,"Facebook,Instagram",74.0,1.85,"Neutral,Positive",1087,489,2024-03-27,Books,4.1
113,"Facebook,Instagram",74.0,1.85,"Neutral,Positive",1150,316,2024-05-29,Clothing,1.0
114,Facebook,87.0,4.8,Negative,1003,442,2024-01-03,Electronics,2.1
114,Facebook,87.0,4.8,Negative,1037,183,2024-02-06,Clothing,2.7
114,Facebook,87.0,4.8,Negative,1090,162,2024-03-30,Clothing,4.4
114,Facebook,87.0,4.8,Negative,1106,247,2024-04-15,Clothing,4.8
117,LinkedIn,88.0,3.8499999999999996,Neutral,1051,434,2024-02-20,Sports,3.3
117,LinkedIn,88.0,3.8499999999999996,Neutral,1080,317,2024-03-20,Electronics,2.1
120,"Facebook,Instagram",77.0,2.6666666666666665,Positive,1006,395,2024-01-06,Groceries,1.1
120,"Facebook,Instagram",77.0,2.6666666666666665,Positive,1024,85,2024-01-24,Sports,2.4
120,"Facebook,Instagram",77.0,2.6666666666666665,Positive,1048,280,2024-02-17,Groceries,1.3
121,"LinkedIn,TikTok",84.5,3.35,"Positive,Neutral",1015,145,2024-01-15,Sports,3.9
121,"LinkedIn,TikTok",84.5,3.35,"Positive,Neutral",1028,236,2024-01-28,Electronics,1.2
122,"Instagram,Twitter",81.0,2.95,Neutral,1133,301,2024-05-12,Groceries,1.3
125,"LinkedIn,Facebook,Twitter",66.4,4.0,"Positive,Neutral",1101,179,2024-04-10,Electronics,3.3
127,"Instagram,Twitter",67.5,3.7,"Negative,Positive",1125,146,2024-05-04,Electronics,4.0
128,Facebook,98.0,3.5,Positive,1105,209,2024-04-14,Books,4.8
129,Twitter,54.0,4.5,Neutral,1019,280,2024-01-19,Electronics,4.0
132,LinkedIn,63.0,3.3,Positive,1025,62,2024-01-25,Electronics,4.0
132,LinkedIn,63.0,3.3,Positive,1122,444,2024-05-01,Clothing,2.4
132,LinkedIn,63.0,3.3,Positive,1131,308,2024-05-10,Sports,4.3
133,"Twitter,Instagram",65.0,3.1333333333333333,"Positive,Negative",1083,436,2024-03-23,Sports,4.2
133,"Twitter,Instagram",65.0,3.1333333333333333,"Positive,Negative",1130,398,2024-05-09,Electronics,1.3
135,TikTok,50.0,1.6,Positive,1070,364,2024-03-10,Electronics,3.3
137,"LinkedIn,TikTok",96.0,3.3,"Neutral,Positive",1020,286,2024-01-20,Electronics,3.2
138,LinkedIn,88.0,3.5,Positive,1050,274,2024-02-19,Electronics,1.1
139,Twitter,72.0,4.0,Negative,1095,392,2024-04-04,Clothing,4.6
140,LinkedIn,86.0,3.1,Negative,1104,267,2024-04-13,Groceries,2.3
140,LinkedIn,86.0,3.1,Negative,1124,193,2024-05-03,Groceries,1.6
141,"TikTok,LinkedIn",94.5,3.3499999999999996,"Negative,Neutral",1033,219,2024-02-02,Groceries,1.4
143,Instagram,68.0,1.2,Negative,1064,214,2024-03-04,Sports,1.4
143,Instagram,68.0,1.2,Negative,1082,435,2024-03-22,Groceries,4.0
143,Instagram,68.0,1.2,Negative,1138,196,2024-05-17,Sports,4.3
144,Twitter,70.0,1.3,Positive,1107,465,2024-04-16,Clothing,3.3
146,"Twitter,Facebook",75.0,3.4,"Negative,Neutral",1040,157,2024-02-09,Books,3.5
146,"Twitter,Facebook",75.0,3.4,"Negative,Neutral",1066,356,2024-03-06,Groceries,1.4
146,"Twitter,Facebook",75.0,3.4,"Negative,Neutral",1144,473,2024-05-23,Sports,4.1
147,Twitter,77.0,1.5,Neutral,1089,236,2024-03-29,Groceries,3.3
147,Twitter,77.0,1.5,Neutral,1132,197,2024-05-11,Clothing,3.8
148,Facebook,75.0,1.7,Neutral,1030,135,2024-01-30,Sports,4.4
149,Facebook,51.0,1.3,Positive,1071,423,2024-03-11,Sports,1.1
150,"Facebook,LinkedIn",83.0,2.733333333333333,"Positive,Neutral",1042,389,2024-02-11,Sports,3.3
150,"Facebook,LinkedIn",83.0,2.733333333333333,"Positive,Neutral",1046,177,2024-02-15,Books,3.6
151,"TikTok,Twitter",71.66666666666667,2.1666666666666665,"Neutral,Negative",1001,408,2024-01-01,Sports,2.3
152,"Facebook,Instagram",88.0,4.15,Positive,1016,437,2024-01-16,Books,3.6
152,"Facebook,Instagram",88.0,4.15,Positive,1058,308,2024-02-27,Clothing,4.8
152,"Facebook,Instagram",88.0,4.15,Positive,1099,452,2024-04-08,Clothing,4.6
154,TikTok,72.0,2.9,Positive,1043,335,2024-02-12,Electronics,3.3
158,"LinkedIn,Twitter,Instagram",75.66666666666667,2.9,"Negative,Neutral,Positive",1032,115,2024-02-01,Electronics,2.9
160,"TikTok,LinkedIn,Instagram",72.66666666666667,2.5,"Positive,Neutral",1005,64,2024-01-05,Clothing,1.3
162,Twitter,77.0,4.066666666666666,Positive,1079,101,2024-03-19,Books,4.2
162,Twitter,77.0,4.066666666666666,Positive,1116,343,2024-04-25,Books,1.4
163,TikTok,74.5,3.6,Neutral,1022,220,2024-01-22,Groceries,2.7
163,TikTok,74.5,3.6,Neutral,1044,495,2024-02-13,Sports,3.0
172,TikTok,56.0,2.7,Negative,1049,239,2024-02-18,Electronics,3.6
172,TikTok,56.0,2.7,Negative,1127,173,2024-05-06,Books,1.4
173,"TikTok,Facebook",70.5,4.1,Negative,1084,162,2024-03-24,Electronics,5.0
174,"Facebook,TikTok",79.5,3.3499999999999996,"Neutral,Positive",1009,228,2024-01-09,Electronics,3.8
174,"Facebook,TikTok",79.5,3.3499999999999996,"Neutral,Positive",1010,112,2024-01-10,Sports,2.6
177,"LinkedIn,Twitter",71.0,1.35,Positive,1068,221,2024-03-08,Groceries,1.3
177,"LinkedIn,Twitter",71.0,1.35,Positive,1092,179,2024-04-01,Clothing,4.0
177,"LinkedIn,Twitter",71.0,1.35,Positive,1145,177,2024-05-24,Groceries,3.2
179,Twitter,50.0,3.0,Negative,1036,490,2024-02-05,Clothing,1.7
179,Twitter,50.0,3.0,Negative,1097,274,2024-04-06,Groceries,4.3
180,"Facebook,LinkedIn",77.5,2.95,Negative,1069,201,2024-03-09,Electronics,2.3
180,"Facebook,LinkedIn",77.5,2.95,Negative,1118,374,2024-04-27,Electronics,1.2
181,Twitter,66.0,2.1,Positive,1098,434,2024-04-07,Clothing,3.3
182,Twitter,57.0,1.2,Negative,1007,91,2024-01-07,Sports,4.9
183,TikTok,81.0,4.55,Positive,1060,247,2024-02-29,Electronics,4.8
185,"TikTok,Facebook",69.25,2.725,"Neutral,Positive,Negative",1139,197,2024-05-18,Sports,4.8
186,TikTok,79.0,2.8,Positive,1008,429,2024-01-08,Clothing,4.3
186,TikTok,79.0,2.8,Positive,1093,269,2024-04-02,Clothing,4.0
187,"LinkedIn,Instagram,Twitter",85.66666666666667,2.733333333333334,"Negative,Neutral",1011,401,2024-01-11,Sports,1.7
187,"LinkedIn,Instagram,Twitter",85.66666666666667,2.733333333333334,"Negative,Neutral",1018,456,2024-01-18,Groceries,4.8
187,"LinkedIn,Instagram,Twitter",85.66666666666667,2.733333333333334,"Negative,Neutral",1112,233,2024-04-21,Sports,3.7
187,"LinkedIn,Instagram,Twitter",85.66666666666667,2.733333333333334,"Negative,Neutral",1115,304,2024-04-24,Sports,4.2
187,"LinkedIn,Instagram,Twitter",85.66666666666667,2.733333333333334,"Negative,Neutral",1135,469,2024-05-14,Books,4.9
188,TikTok,50.0,3.6,Positive,1029,292,2024-01-29,Sports,1.2
188,TikTok,50.0,3.6,Positive,1053,332,2024-02-22,Groceries,3.3
188,TikTok,50.0,3.6,Positive,1102,102,2024-04-11,Electronics,4.6
188,TikTok,50.0,3.6,Positive,1109,373,2024-04-18,Clothing,2.8
189,"LinkedIn,TikTok,Facebook,Twitter",77.8,3.6399999999999997,"Negative,Neutral",1057,282,2024-02-26,Groceries,3.2
189,"LinkedIn,TikTok,Facebook,Twitter",77.8,3.6399999999999997,"Negative,Neutral",1081,344,2024-03-21,Books,3.3
189,"LinkedIn,TikTok,Facebook,Twitter",77.8,3.6399999999999997,"Negative,Neutral",1149,178,2024-05-28,Sports,3.0
190,Twitter,82.0,4.8,Neutral,1031,333,2024-01-31,Groceries,3.8
190,Twitter,82.0,4.8,Neutral,1140,401,2024-05-19,Sports,4.9
191,Facebook,92.0,2.1,Positive,1034,94,2024-02-03,Electronics,3.0
191,Facebook,92.0,2.1,Positive,1061,460,2024-03-01,Sports,4.6
192,Instagram,60.0,4.3,Positive,1002,332,2024-01-02,Electronics,4.2
192,Instagram,60.0,4.3,Positive,1078,491,2024-03-18,Books,3.9
194,LinkedIn,89.0,4.0,Negative,1088,130,2024-03-28,Electronics,2.4
198,"Instagram,Facebook",79.0,3.05,"Positive,Negative",1137,395,2024-05-16,Books,2.5
198,"Instagram,Facebook",79.0,3.05,"Positive,Negative",1143,466,2024-05-22,Books,3.3
199,LinkedIn,57.0,1.8,Positive,1012,280,2024-01-12,Electronics,1.6
199,LinkedIn,57.0,1.8,Positive,1086,162,2024-03-26,Books,2.5
